movie_id,title,year,runtime,language,genre,overview,prod_countries,budget,gross,profit,tmdb_rating
1,12 Angry Men,1957,97,English,Drama,"The defense and the prosecution have rested and the jury is filing into the jury room to decide if a young Spanish-American is guilty or innocent of murdering his father. What begins as an open and shut case soon becomes a mini-drama of each of the jurors' prejudices and preconceptions about the trial, the accused, and each other.",United States of America,350000,1000000,650000,8.5
2,2001: A Space Odyssey,1968,149,English,"Science Fiction, Mystery, Adventure","Humanity finds a mysterious object buried beneath the lunar surface and sets off to find its origins with the help of HAL 9000, the world's most advanced super computer.","United Kingdom, United States of America",12000000,71923560,59923560,8.1
3,81/2,1963,139,Italian,"Fantasy, Drama","Guido Anselmi, a film director, finds himself creatively barren at the peak of his career. Urged by his doctors to rest, Anselmi heads for a luxurious resort, but a sorry group gathers?his producer, staff, actors, wife, mistress, and relatives?each one begging him to get on with the show. In retreat from their dependency, he fantasizes about past women and dreams of his childhood.","Italy, France",NULL,50000,NULL,8.2
4,A Separation,2011,123,Farsi,Drama,A married couple are faced with a difficult decision - to improve the life of their child by moving to another country or to stay in Iran and look after a deteriorating parent who has Alzheimer's disease.,"Australia, France, Iran",5000000,24426169,19426169,7.9
5,A Summer's Tale,1996,113,French,"Comedy, Drama, Romance","A shy maths graduate takes a holiday in Dinard before starting his first job. He hopes his sort-of girlfriend will join him, but soon strikes up a friendship with another girl working in town. She in turn introduces him to a further young lady who fancies him. Thus the quiet young lad finds he is having to do some tricky juggling in territory new to him.",France,NULL,NULL,NULL,7.4
6,About Time,2013,123,English,"Drama, Romance, Fantasy","The night after another unsatisfactory New Year's party, Tim's father tells his son that the men in his family have always had the ability to travel through time. They can't change history, but they can change what happens and has happened in their own lives. Thus begins the start of a lesson in learning to appreciate life itself as it is, as it comes, and most importantly, the people living alongside us.",United Kingdom,12000000,87100449,75100449,7.9
7,Aftersun,2022,102,English,Drama,Sophie reflects on the shared joy and private melancholy of a holiday she took with her father twenty years earlier. Memories real and imagined fill the gaps between miniDV footage as she tries to reconcile the father she knew with the man she didn't.,"Turkey, United Kingdom, United States of America",NULL,4785157,NULL,7.7
8,Aloners,2021,91,Korean,Drama,"Jina is the top employee at a credit card company call center. She avoids building close relationships, choosing instead to live and work alone ? until she is suddenly tasked with training a new recruit.",South Korea,NULL,NULL,NULL,6.8
9,Amadeus,1984,161,English,"History, Music, Drama","Wolfgang Amadeus Mozart is a remarkably talented young Viennese composer who unwittingly finds a fierce rival in the disciplined and determined Antonio Salieri. Resenting Mozart for both his hedonistic lifestyle and his undeniable talent, the highly religious Salieri is gradually consumed by his jealousy and becomes obsessed with Mozart's downfall, leading to a devious scheme that has dire consequences for both men.",United States of America,18000000,51973029,33973029,8.0
10,An Education,2009,100,English,"Drama, Romance","Despite her sheltered upbringing, Jenny is a teen with a bright future; she's smart, pretty, and has aspirations of attending Oxford University. When David, a charming but much older suitor, motors into her life in a shiny automobile, Jenny gets a taste of adult life that she won't soon forget.",United Kingdom,7500000,26096852,18596852,6.9
11,Anna Karenina,2012,130,English,"Drama, Romance","In Imperial Russia, Anna, the wife of the officer Karenin, goes to Moscow to visit her brother. On the way, she meets the charming cavalry officer Vronsky to whom she is immediately attracted. But in St. Petersburg?s high society, a relationship like this could destroy a woman?s reputation.","United Kingdom, United States of America",NULL,68929150,NULL,6.7
12,Another Round,2020,117,Danish,"Comedy, Drama",Four high school teachers launch a drinking experiment: upholding a constant low level of intoxication.,"Denmark, Netherlands, Sweden",5150000,21700000,16550000,7.7
13,"Argentina, 1985",2022,141,Spanish,"Drama, History","In the 1980s, a team of lawyers takes on the heads of Argentina's bloody military dictatorship in a battle against odds and a race against time.","Argentina, United Kingdom",NULL,871621,NULL,8.0
14,Asteroid City,2023,105,English,"Comedy, Drama","In an American desert town circa 1955, the itinerary of a Junior Stargazer/Space Cadet convention is spectacularly disrupted by world-changing events.",United States of America,25000000,47281670,22281670,6.6
15,Au Revoir les Enfants,1987,105,French,"Drama, War","Au revoir les enfants tells a heartbreaking story of friendship and devastating loss concerning two boys living in Nazi-occupied France. At a provincial Catholic boarding school, the precocious youths enjoy true camaraderie?until a secret is revealed. Based on events from writer-director Malle?s own childhood, the film is a subtle, precisely observed tale of courage, cowardice, and tragic awakening.","Germany, France, Italy",NULL,4540000,NULL,7.5
16,Beau Travail,2000,92,French,Drama,"Foreign Legion officer Galoup recalls his once glorious life, training troops in the Gulf of Djibouti. His existence there was happy, strict and regimented, until the arrival of a promising young recruit, Sentain, plants the seeds of jealousy in Galoup's mind.",France,NULL,250000,NULL,7.0
17,Bergman Island,2021,113,English,"Drama, Romance","An English-German filmmaking couple retreat to Faro for the summer to each write screenplays for their upcoming films in an act of pilgrimage to the place that inspired Ingmar Bergman. As the summer and their screenplays advance, the lines between reality and fiction start to blur against the backdrop of the Island's wild landscape.","Belgium, France, Germany, Mexico, Sweden",NULL,589895,NULL,6.2
18,Bottoms,2023,92,English,Comedy,Unpopular best friends PJ and Josie start a high school self-defense club to meet girls and lose their virginity. They soon find themselves in over their heads when the most popular students start beating each other up in the name of self-defense.,United States of America,11300000,11600000,300000,7.1
19,Broker,2022,129,Korean,"Drama, Comedy","Sang-hyeon is always struggling from debt, and Dong-soo works at a baby box facility. On a rainy night, they steal the baby Woo-sung, who was left in the baby box, to sell him at a good price. Meanwhile, detectives were watching, and they quietly track them down to capture the crucial evidence.",South Korea,NULL,18632208,NULL,7.2
20,C'mon C'mon,2021,109,English,Drama,Johnny and his young nephew forge a tenuous but transformational relationship when they embark on a cross-country trip to see life away from Los Angeles.,United States of America,8300000,4300000,-4000000,7.3
21,Carol,2015,118,English,"Romance, Drama","In 1950s New York, a department-store clerk who dreams of a better life falls for an older, married woman.","United Kingdom, United States of America",11800000,40272135,28472135,7.5
22,Casablanca,1943,102,English,"Drama, Romance","In Casablanca, Morocco in December 1941, a cynical American expatriate meets a former lover, with unforeseen complications.",United States of America,878000,10462500,9584500,8.2
23,Certified Copy,2010,106,French,"Drama, Romance","In Tuscany to promote his latest book, a middle-aged English writer meets a French woman who leads him to the village of Lucignano.","Belgium, France, Iran, Italy",7000000,7736632,736632,7.0
24,Cha Cha Real Smooth,2022,108,English,"Comedy, Drama, Romance","Fresh out of college and stuck at his New Jersey home without a clear path forward, 22-year-old Andrew begins working as a party starter for bar/bat mitzvahs?where he strikes up a unique friendship with a young mom and her teenage daughter.",United States of America,NULL,NULL,NULL,7.2
25,Chungking Express,1994,103,Cantonese,"Drama, Comedy, Romance","Two melancholic Hong Kong policemen fall in love: one with a mysterious underworld figure, the other with a beautiful and ethereal server at a late-night restaurant.",Hong Kong,160000,600000,440000,8.0
26,Citizen Kane,1941,119,English,"Mystery, Drama","Newspaper magnate, Charles Foster Kane is taken from his mother as a boy and made the ward of a rich industrialist. As a result, every well-meaning, tyrannical or self-destructive move he makes for the rest of his life appears in some way to be a reaction to that deeply wounding event.",United States of America,839727,23218000,22378273,8.0
27,Cleo from 5 to 7,1962,90,French,Drama,"Agnes Varda eloquently captures Paris in the sixties with this real-time portrait of a singer set adrift in the city as she awaits test results of a biopsy. A chronicle of the minutes of one woman?s life, Cleo from 5 to 7 is a spirited mix of vivid verite and melodrama, featuring a score by Michel Legrand and cameos by Jean-Luc Godard and Anna Karina.","France, Italy",NULL,NULL,NULL,7.7
28,Closely Watched Trains,1966,93,Czech,"Comedy, Drama, War","At a village railway station in occupied Czechoslovakia, a bumbling dispatcher?s apprentice longs to liberate himself from his virginity. Oblivious to the war and the resistance that surrounds him, this young man embarks on a journey of sexual awakening and self-discovery, encountering a universe of frustration, eroticism, and adventure within his sleepy backwater depot.",Czechoslovakia,NULL,3270000,NULL,7.3
29,Coffee and Cigarettes,2003,96,English,"Comedy, Drama",Coffee And Cigarettes is a collection of eleven films from cult director Jim Jarmusch. Each film hosts star studded cast of extremely unique individuals who all share the common activities of conversing while drinking coffee and smoking cigarettes.,United States of America,NULL,7897645,NULL,7.0
30,Comet,2014,91,English,"Science Fiction, Comedy, Romance","When a chance encounter brings together the cynical Dell and the quick-witted Kimberly, the stage is set for a tempestuous love affair that unfolds like a puzzle. As the film zigzags back and forth in time-from a meteor shower in LA, to an encounter in a Paris hotel room, to a fateful phone call ? an unforgettable portrait of a relationship emerges.",United States of America,NULL,NULL,NULL,6.7
31,Compartment No. 6,2021,106,Finnish,Drama,"A young Finnish woman escapes an enigmatic love affair in Moscow by boarding a train to the arctic port of Murmansk. Forced to share the long ride and a tiny sleeping car with a larger than life Russian miner, the unexpected encounter leads the occupants of Compartment No. 6 to face major truths about human connection.","Estonia, Finland, Germany, Russia",2412000,NULL,NULL,7.1
32,"Crazy, Stupid, Love.",2011,118,English,"Comedy, Drama, Romance","Cal Weaver is living the American dream. He has a good job, a beautiful house, great children and a beautiful wife, named Emily. Cal's seemingly perfect life unravels, however, when he learns that Emily has been unfaithful and wants a divorce. Over 40 and suddenly single, Cal is adrift in the fickle world of dating. Enter, Jacob Palmer, a self-styled player who takes Cal under his wing and teaches him how to be a hit with the ladies.",United States of America,50000000,145079584,95079584,7.3
33,Decision to Leave,2022,138,Korean,"Thriller, Mystery, Romance","From a mountain peak in South Korea, a man plummets to his death. Did he jump, or was he pushed? When detective Hae-joon arrives on the scene, he begins to suspect the dead man?s wife Seo-rae. But as he digs deeper into the investigation, he finds himself trapped in a web of deception and desire.",South Korea,NULL,16914773,NULL,7.4
34,Do the Right Thing,1989,120,English,Drama,"Salvatore Fragione is the Italian owner of a pizzeria in Brooklyn. A neighborhood local, Buggin' Out, becomes upset when he sees that the pizzeria's Wall of Fame exhibits only Italian actors. Buggin' Out believes a pizzeria in a black neighborhood should showcase black actors, but Sal disagrees. The wall becomes a symbol of racism and hate to Buggin' Out and to other people in the neighborhood, and tensions rise.",United States of America,6500000,37300000,30800000,7.8
35,Dog Day Afternoon,1975,125,English,"Crime, Drama, Thriller","Based on the true story of would-be Brooklyn bank robbers John Wojtowicz and Salvatore Naturale. Sonny and Sal attempt a bank heist which quickly turns sour and escalates into a hostage situation and stand-off with the police. As Sonny's motives for the robbery are slowly revealed and things become more complicated, the heist turns into a media circus.",United States of America,1800000,46665856,44865856,7.8
36,Drive,2011,100,English,"Drama, Thriller, Crime","Driver is a skilled Hollywood stuntman who moonlights as a getaway driver for criminals. Though he projects an icy exterior, lately he's been warming up to a pretty neighbor named Irene and her young son, Benicio. When Irene's husband gets out of jail, he enlists Driver's help in a million-dollar heist. The job goes horribly wrong, and Driver must risk his life to protect Irene and Benicio from the vengeful masterminds behind the robbery.",United States of America,15000000,78054825,63054825,7.6
37,Dune,2021,155,English,"Science Fiction, Adventure","Paul Atreides, a brilliant and gifted young man born into a great destiny beyond his understanding, must travel to the most dangerous planet in the universe to ensure the future of his family and his people. As malevolent forces explode into conflict over the planet's exclusive supply of the most precious resource in existence-a commodity capable of unlocking humanity's greatest potential-only those who can conquer their fear will survive.",United States of America,165000000,402027830,237027830,7.8
38,Everything Everywhere All at Once,2022,140,English,"Action, Adventure, Science Fiction","An aging Chinese immigrant is swept up in an insane adventure, where she alone can save what's important to her by connecting with the lives she could have led in other universes.",United States of America,25000000,139200000,114200000,7.8
39,Fallen Angels,1995,98,Cantonese,"Action, Romance, Crime",Two tales of crimes intertwine in present-day Hong Kong.,Hong Kong,NULL,NULL,NULL,7.7
40,Fantastic Mr. Fox,2009,87,English,"Adventure, Animation, Comedy, Family","The Fantastic Mr. Fox, bored with his current life, plans a heist against the three local farmers. The farmers, tired of sharing their chickens with the sly fox, seek revenge against him and his family.",United States of America,40000000,46471023,6471023,7.8
41,Gifted,2017,101,English,"Drama, Comedy","Frank, a single man raising his child prodigy niece Mary, is drawn into a custody battle with his mother.",United States of America,7000000,40343446,33343446,8.0
42,Glass Onion: A Knives Out Mystery,2022,140,English,"Comedy, Crime, Mystery",World-famous detective Benoit Blanc heads to Greece to peel back the layers of a mystery surrounding a tech billionaire and his eclectic crew of friends.,United States of America,40000000,13280000,-26720000,7.1
43,Half Nelson,2006,107,English,Drama,"Despite his dedication to the junior-high students who fill his classroom, idealistic teacher Dan Dunne leads a secret life of addiction that the majority of his students will never know. But things change when a troubled student Drey makes a startling discovery of his secret life, causing a tenuous bond between the two that could either end disastrously or provide a catalyst of hope.",United States of America,700000,4911725,4211725,6.6
44,Harakiri,1962,135,Japanese,"Action, Drama, History","Down-on-his-luck veteran Tsugumo Hanshiro enters the courtyard of the prosperous House of Iyi. Unemployed, and with no family, he hopes to find a place to commit seppuku?and a worthy second to deliver the coup de grace in his suicide ritual. The senior counselor for the Iyi clan questions the ronin?s resolve and integrity, suspecting Hanshiro of seeking charity rather than an honorable end. What follows is a pair of interlocking stories which lay bare the difference between honor and respect, and promises to examine the legendary foundations of the Samurai code.",Japan,NULL,NULL,NULL,8.4
45,Hiroshima Mon Amour,1959,92,French,"Drama, History, Romance","The deep conversation between a Japanese architect and a French actress forms the basis of this celebrated French film, considered one of the vanguard productions of the French New Wave. Set in Hiroshima after the end of World War II, the couple -- lovers turned friends -- recount, over many hours, previous romances and life experiences. The two intertwine their stories about the past with pondering the devastation wrought by the atomic bomb dropped on the city.","France, Japan",NULL,3193,NULL,7.8
46,House of Hummingbird,2019,135,Korean,Drama,"In 1994 Seoul, a teenage girl's life is changed when a new teacher enters her life.",South Korea,NULL,1041948,NULL,7.6
47,Ida,2013,82,Polish,Drama,"Anna, a young novitiate in 1960s Poland, is on the verge of taking her vows when she discovers a family secret dating back to the years of the German occupation.","Denmark, France, Poland, United Kingdom",2159280,15298355,13139075,7.3
48,In Bruges,2008,108,English,"Comedy, Drama, Crime","Ray and Ken, two hit men, are in Bruges, Belgium, waiting for their next mission. While they are there they have time to think and discuss their previous assignment. When the mission is revealed to Ken, it is not what he expected.","United Kingdom, United States of America",15000000,34533783,19533783,7.5
49,In the Mood for Love,2000,99,Cantonese,"Drama, Romance",Two neighbors become intimate after discovering that their spouses are having an affair with one another.,"France, Hong Kong, Netherlands",150000,14204632,14054632,8.1
50,Irrational Man,2015,95,English,"Drama, Comedy, Crime","On a small town college campus, a philosophy professor in existential crisis gives his life new purpose when he enters into a relationship with his student.",United States of America,11000000,27391084,16391084,6.5
51,"Jeanne Dielman, 23, quai du Commerce, 1080 Bruxelles",1976,202,French,Drama,"A lonely widowed housewife does her daily chores and takes care of her apartment where she lives with her teenage son, and turns the occasional trick to make ends meet. Slowly, her ritualized daily routines begin to fall apart.","Belgium, France",120000,20000,-100000,7.4
52,La Haine,1995,98,French,Drama,"After a chaotic night of rioting in a marginal suburb of Paris, three young friends, Vinz, Hubert and Said, wander around unoccupied waiting for news about the state of health of a mutual friend who has been seriously injured when confronting the police.",France,2600000,15300000,12700000,8.1
53,La La Land,2016,129,English,"Comedy, Drama, Romance, Music","Mia, an aspiring actress, serves lattes to movie stars in between auditions and Sebastian, a jazz musician, scrapes by playing cocktail party gigs in dingy bars, but as success mounts they are faced with decisions that begin to fray the fragile fabric of their love affair, and the dreams they worked so hard to maintain in each other threaten to rip them apart.",United States of America,30000000,447407695,417407695,7.9
54,Last Year at Marienbad,1961,95,French,"Drama, Romance","In a strange and isolated chateau, a man becomes acquainted with a woman and insists that they have met before.","France, Italy",NULL,60000,NULL,7.5
55,Life Is Beautiful,1997,116,Italian,"Comedy, Drama",A touching story of an Italian book seller of Jewish ancestry who lives in his own little fairy tale. His creative and happy life would come to an abrupt halt when his entire family is deported to a concentration camp during World War II. While locked up he tries to convince his son that the whole thing is just a game.,Italy,20000000,230098753,210098753,8.5
56,Lola,1961,89,French,"Drama, Romance","A bored young man meets with his former girlfriend, now a cabaret dancer and single mother, and soon finds himself falling back in love with her.",France,NULL,NULL,NULL,7.2
57,Loves of a Blonde,1965,81,Czech,"Drama, Comedy, Romance","Andula, an innocent Czech girl from a factory town, is desperately in search of love. She believes she's found it when she beds Milda, a charming young musician visiting from Prague. Milda, however, is only looking for a casual encounter, and leaves town assuming he'll never see Andula again. But when Andula doesn't hear from him, she packs up and heads to Prague, to the surprise of Milda and his parents.",Czechoslovakia,NULL,NULL,NULL,7.1
58,Manchester by the Sea,2016,138,English,Drama,"After his older brother passes away, Lee Chandler is forced to return home to care for his 16-year-old nephew. There he is compelled to deal with a tragic past that separated him from his family and the community where he was born and raised.",United States of America,9000000,78988148,69988148,7.5
59,Marcel the Shell with Shoes On,2022,90,English,"Animation, Comedy, Drama, Family","Marcel is an adorable one-inch-tall shell who ekes out a colorful existence with his grandmother Connie and their pet lint, Alan. Once part of a sprawling community of shells, they now live alone as the sole survivors of a mysterious tragedy. But when a documentary filmmaker discovers them amongst the clutter of his Airbnb, the short film he posts online brings Marcel millions of passionate fans, as well as unprecedented dangers and a new hope at finding his long-lost family.",United States of America,NULL,6000000,NULL,7.7
60,Memories of Murder,2003,131,Korean,"Crime, Drama, Thriller","During the late 1980s, two detectives in a South Korean province attempt to solve the nation's first series of rape-and-murder cases.",South Korea,2800000,26000000,23200000,8.1
61,Moonlight,2016,111,English,Drama,"The tender, heartbreaking story of a young man?s struggle to find himself, told across three defining chapters in his life as he experiences the ecstasy, pain, and beauty of falling in love, while grappling with his own sexuality.",United States of America,4000000,65046687,61046687,7.4
62,Mystery Train,1989,106,English,Comedy,"In Memphis, Tennessee, over the course of a single night, the Arcade Hotel, run by an eccentric night clerk and a clueless bellboy, is visited by a young Japanese couple traveling in search of the roots of rock; an Italian woman in mourning who stumbles upon a fleeing charlatan girl; and a comical trio of accidental thieves looking for a place to hide.","Japan, United States of America",2800000,1544973,-1255027,7.3
63,Navalny,2022,98,English,"Documentary, Thriller","Follows the man who survived an assassination attempt by poisoning with a lethal nerve agent in August 2020. During his months-long recovery, he makes shocking discoveries about the attempt on his life and decides to return home.",United States of America,NULL,NULL,NULL,7.2
64,Never Let Me Go,2010,104,English,"Drama, Romance, Science Fiction","As children, Kathy, Ruth, and Tommy spend their childhood at an idyllic and secluded English boarding school. As they grow into adults, they must come to terms with the complexity and strength of their love for one another while also preparing for the haunting reality awaiting them.",United Kingdom,15000000,9918093,-5081907,6.9
65,Oldboy,2003,120,Korean,"Drama, Thriller, Mystery, Action","With no clue how he came to be imprisoned, drugged and tortured for 15 years, a desperate businessman seeks revenge on his captors.",South Korea,3000000,15194593,12194593,8.3
66,On the Beach at Night Alone,2017,101,Korean,Drama,"Young-hee, an actress reeling in the aftermath of an affair with a married film director, escapes to Hamburg. But when she returns to Korea and meets with friends for drinks, startling confessions emerge.",South Korea,NULL,NULL,NULL,6.5
67,One Fine Morning,2022,113,French,"Drama, Romance","With a father suffering from neurodegenerative disease, a young woman lives with her eight-year-old daughter. While struggling to secure a decent nursing home, she runs into an unavailable friend with whom she embarks on an affair.","France, Germany, United Kingdom",NULL,1380392,NULL,6.7
68,"Oslo, August 31st",2011,94,Norwegian,Drama,"One day in the life of Anders, a young recovering drug addict, who takes a brief leave from his treatment center to interview for a job and catch up with old friends in Oslo.","Denmark, Norway, Sweden",NULL,100000,NULL,7.5
69,"Paris, 13th District",2021,106,French,"Drama, Romance","Emilie meets Camille who is attracted to Nora, who crosses paths with Amber. Three girls and a boy ? They're friends, sometimes lovers and often both.",France,NULL,2200000,NULL,7.0
70,Past Lives,2023,106,English,"Drama, Romance","Two childhood friends are separated after one?s family emigrates from South Korea. Two decades later, they are reunited in New York for one week as they confront notions of destiny, love and the choices that make a life.","South Korea, United States of America",NULL,6000000,NULL,7.8
71,Paterson,2016,118,English,"Drama, Romance, Comedy","A week in the life of Paterson, a poet bus driver, and his wife Laura, a very creative artist, who live in Paterson, New Jersey, hometown of many famous poets and artists.","Germany, United States of America, France",5000000,2152738,-2847262,7.1
72,Pather Panchali,1955,125,Bengali,Drama,"Impoverished priest Harihar Ray, dreaming of a better life for himself and his family, leaves his rural Bengal village in search of work.",India,NULL,536364,NULL,8.0
73,Persona,1966,83,Swedish,Drama,"A young nurse, Alma, is put in charge of Elisabeth Vogler: an actress who is seemingly healthy in all respects, but will not talk. As they spend time together, Alma speaks to Elisabeth constantly, never receiving any answer. The time they spend together only strengthens the crushing realization that one does not exist.",Sweden,NULL,NULL,NULL,8.2
74,Persuasion,2022,108,English,"Romance, Drama, Comedy","Living with her snobby family on the brink of bankruptcy, Anne Elliot is an unconforming woman with modern sensibilities. When Frederick Wentworth - the dashing one she once sent away - crashes back into her life, Anne must choose between putting the past behind her or listening to her heart when it comes to second chances.","United Kingdom, United States of America",NULL,NULL,NULL,6.0
75,Petite Maman,2021,72,French,"Drama, Fantasy, Family",Nelly has just lost her grandmother and is helping her parents clean out her mother's childhood home. She explores the house and the surrounding woods. One day she meets a girl her same age building a treehouse.,France,3100000,1024575,-2075425,7.2
76,Phantom Thread,2017,130,English,"Drama, Romance","In 1950s London, renowned British dressmaker Reynolds Woodcock comes across Alma, a young, strong-willed woman, who soon becomes ever present in his life as his muse and lover.","United States of America, United Kingdom",35000000,47756590,12756590,7.3
77,Pierrot le Fou,1965,110,French,"Drama, Thriller","Pierrot escapes his boring society and travels from Paris to the Mediterranean Sea with Marianne, a girl chased by hit-men from Algeria. They lead an unorthodox life, always on the run.","France, Italy",300000,NULL,NULL,7.4
78,Raging Bull,1980,129,English,Drama,"The life of boxer Jake LaMotta, whose violence and temper that led him to the top in the ring destroyed his life outside of it.",United States of America,18000000,23000000,5000000,8.0
79,Reality Bites,1994,99,English,"Drama, Comedy, Romance","A small circle of friends suffering from post-collegiate blues must confront the hard truth about life, love and the pursuit of gainful employment. As they struggle to map out survival guides for the future, the Gen-X quartet soon begins to realize that reality isn't all it's cracked up to be.",United States of America,11500000,20079850,8579850,6.6
80,Reprise,2006,107,Norwegian,Drama,"Two competitive friends, fueled by literary aspirations and youthful exuberance, endure the pangs of love, depression and burgeoning careers.",Norway,NULL,550000,NULL,7.0
81,Return to Seoul,2022,119,French,Drama,"On an impulse to reconnect with her origins, Freddie, 25, returns to South Korea for the first time, where she was born, before being adopted and raised in France. The headstrong young woman starts looking for her biological parents in a country she knows so little about, taking her life in new and unexpected directions.","Belgium, Cambodia, France, Germany, Romania, South Korea",NULL,1594998,NULL,6.0
82,Rushmore,1998,93,English,"Comedy, Drama","When a beautiful first-grade teacher arrives at a prep school, she soon attracts the attention of an ambitious teenager named Max, who quickly falls in love with her. Max turns to the father of two of his schoolmates for advice on how to woo the teacher. However, the situation soon gets complicated when Max's new friend becomes involved with her, setting the two pals against one another in a war for her attention.",United States of America,9000000,17096053,8096053,7.4
83,Rye Lane,2023,82,English,"Romance, Comedy","Two twenty-somethings, both reeling from bad break-ups, connect over the course of an eventful day in South London ? helping each other deal with their nightmare exes, and potentially restoring their faith in romance.","United Kingdom, United States of America",NULL,NULL,NULL,7.2
84,See How They Run,2022,98,English,"Mystery, Comedy, Thriller","In the West End of 1950s London, plans for a movie version of a smash-hit play come to an abrupt halt after a pivotal member of the crew is murdered. When world-weary Inspector Stoppard and eager rookie Constable Stalker take on the case, the two find themselves thrown into a puzzling whodunit within the glamorously sordid theater underground, investigating the mysterious homicide at their own peril.","United Kingdom, United States of America",40000000,21921551,-18078449,6.4
85,Shithouse,2020,102,English,"Comedy, Drama, Romance","Lonely college freshman Alex has closed himself off from his peers, who all appear to have this whole ""college thing"" figured out. But everything changes one night when Alex takes a leap and attends a party at Shithouse - a legendary party fraternity - where he forges a strong connection with Maggie.",United States of America,80000,18370,-61630,7.0
86,Short Term 12,2013,96,English,Drama,"Grace, a compassionate young supervisor at a foster care facility, helps at-risk teens. But when a new charge dredges up memories of her own troubled past, Grace's tough exterior begins eroding.",United States of America,1000000,1645164,645164,7.8
87,Sick of Myself,2022,97,Norwegian,"Comedy, Drama","Signe and Thomas are in an unhealthy, competitive relationship that takes a vicious turn when Thomas suddenly breaks through as a contemporary artist. In response, Signe makes a desperate attempt to regain her status by creating a new persona hell-bent on attracting attention and sympathy.","France, Norway, Sweden",NULL,1051375,NULL,7.3
88,Somewhere,2010,98,English,Drama,"After withdrawing to the Chateau Marmont, a passionless Hollywood actor reexamines his life when his eleven-year-old daughter surprises him with a visit.","France, Italy, Japan, United States of America",8000000,14788642,6788642,6.1
89,Tampopo,1985,115,Japanese,Comedy,"In this humorous paean to the joys of food, a pair of truck drivers happen onto a decrepit roadside shop selling ramen noodles. The widowed owner, Tampopo, begs them to help her turn her establishment into a paragon of the ""art of noodle-soup making"". Interspersed are satirical vignettes about the importance of food to different aspects of human life.",Japan,1500000,220000,-1280000,7.9
90,Taste of Cherry,1997,99,Farsi,Drama,"A middle-aged Tehranian man, Mr. Badii is intent on killing himself and seeks someone to bury him after his demise. Driving around the city, the seemingly well-to-do Badii meets with numerous people, including a Muslim student, asking them to take on the job, but initially he has little luck. Eventually, Badii finds a man who is up for the task because he needs the money, but his new associate soon tries to talk him out of committing suicide.","France, Iran",NULL,310000,NULL,7.6
91,The 400 Blows,1959,99,French,Drama,"For young Parisian boy Antoine Doinel, life is one difficult situation after another. Surrounded by inconsiderate adults, including his neglectful parents, Antoine spends his days with his best friend, Rene, trying to plan for a better life. When one of their schemes goes awry, Antoine ends up in trouble with the law, leading to even more conflicts with unsympathetic authority figures.",France,NULL,NULL,NULL,8.1
92,The Banshees of Inisherin,2022,114,English,"Drama, Comedy, History","Two lifelong friends find themselves at an impasse when one abruptly ends their relationship, with alarming consequences for both of them.","Ireland, United Kingdom, United States of America",20000000,49262687,29262687,7.5
93,The Fabelmans,2022,151,English,Drama,"Growing up in post-World War II era Arizona, young Sammy Fabelman aspires to become a filmmaker as he reaches adolescence, but soon discovers a shattering family secret and explores how the power of films can help him see the truth.",United States of America,40000000,45598614,5598614,7.7
94,The Fire Within,1963,108,French,Drama,"Although his alcoholism has been treated, Alain still feels he is deeply unwell and does not feel he can leave the detoxification clinic once and for all. His wife, living in New York, continues to pay for his treatment, but no longer contacts him directly. He intends to commit suicide, but first takes a ride to Paris to catch up with old friends.",France,NULL,NULL,NULL,7.7
95,The Graduate,1967,106,English,"Comedy, Drama, Romance","Benjamin, a recent college graduate very worried about his future, finds himself in a love triangle with an older woman and her daughter.",United States of America,3000000,104945305,101945305,7.6
96,The Green Ray,1986,98,French,"Drama, Romance",A lonely Parisian woman comes to terms with her isolation and anxieties during a long summer vacation.,France,NULL,40000,NULL,7.5
97,The Kid Detective,2020,99,English,"Comedy, Drama, Mystery","A once-celebrated kid detective, now 31, continues to solve the same trivial mysteries between hangovers and bouts of self-pity. Until a naive client brings him his first 'adult' case, to find out who brutally murdered her boyfriend.",Canada,NULL,NULL,NULL,6.6
98,The Man Who Sleeps,1974,77,French,Drama,A young student decides to have no more interaction with the world than is needed to minimally sustain life. His increasingly automaton-like behavior is coupled with a strange clarity of insight about the world around him.,"France, Tunisia",NULL,NULL,NULL,7.8
99,The Menu,2022,107,English,"Comedy, Thriller, Horror","A young couple travels to a remote island to eat at an exclusive restaurant where the chef has prepared a lavish menu, with some shocking surprises.",United States of America,35000000,79628200,44628200,7.2
100,The Nice Guys,2016,116,English,"Comedy, Crime, Action",A private eye investigates the apparent suicide of a fading porn star in 1970s Los Angeles and uncovers a conspiracy.,United States of America,50000000,62788218,12788218,7.1
101,The Piano Teacher,2001,131,French,"Drama, Romance","Erika Kohut, a sexually repressed piano teacher living with her domineering mother, meets a young man who starts romantically pursuing her.","Austria, France, Germany",3000000,9801375,6801375,7.3
102,The Quiet Girl,2022,94,Gaelic,Drama,"A quiet, neglected girl is sent away from her dysfunctional family to live with relatives for the summer. She blossoms in their care, but in this house where there are meant to be no secrets, she discovers one.",Ireland,NULL,1756887,NULL,7.6
103,The Super Mario Bros. Movie,2023,93,English,"Animation, Family, Adventure, Fantasy, Comedy","While working underground to fix a water main, Brooklyn plumbers?and brothers?Mario and Luigi are transported down a mysterious pipe and wander into a magical new world. But when the brothers are separated, Mario embarks on an epic quest to find Luigi.","Japan, United States of America",100000000,1355725263,1255725263,7.8
104,The Whale,2022,116,English,Drama,A reclusive English teacher suffering from severe obesity attempts to reconnect with his estranged teenage daughter for one last chance at redemption.,United States of America,3000000,55101305,52101305,7.9
105,The Wind Will Carry Us,1999,118,Farsi,Drama,Irreverent city engineer Behzad comes to a rural Kurdish village in Iran to keep vigil for a dying relative. In the meanwhile the film follows his efforts to fit in with the local community and how he changes his own attitudes as a result.,"Iran, France",NULL,210000,NULL,7.2
106,Three Colors: Blue,1993,98,French,Drama,"Julie is haunted by her grief after living through a tragic auto wreck that claimed the life of her composer husband and young daughter. Her initial reaction is to withdraw from her relationships, lock herself in her apartment and suppress her pain. But avoiding human interactions on the bustling streets of Paris proves impossible, and she eventually meets up with Olivier, an old friend who harbors a secret love for her, and who could draw her back to reality.","France, Poland, Switzerland",NULL,1320000,NULL,7.7
107,Three Colors: Red,1994,100,French,"Drama, Mystery, Romance","Valentine, a student model in Geneva, struggles with a possessive boyfriend and a troubled family. When she runs over a dog, she discovers that its owner, a retired judge, is illegally wiretapping and eavesdropping on his neighbors' phone calls. Although Valentine is outraged, she develops a strange bond with the judge ? and as the two become closer, she finds herself caught in the middle of events that could change her life.","France, Poland, Switzerland",NULL,4040000,NULL,7.9
108,Waves,2019,135,English,"Romance, Drama",A controlling father?s attempts to ensure that his two children succeed in high school backfire after his son experiences a career-ending sports injury. Their familial bonds are eventually placed under severe strain by an unexpected tragedy.,"Canada, United States of America",6000000,2576990,-3423010,7.4
109,Where Is The Friend's House?,1987,83,Farsi,"Drama, Family","An 8 year old boy must return his friend's notebook he took by mistake, lest his friend be punished by expulsion from school.",Iran,NULL,NULL,NULL,7.9
110,Whiplash,2014,107,English,"Drama, Music","Under the direction of a ruthless instructor, a talented young drummer begins to pursue perfection at any cost, even his humanity.",United States of America,3300000,13092000,9792000,8.4
111,Y Tu Mama Tambien,2001,106,Spanish,"Drama, Romance","In Mexico, two teenage boys and an attractive older woman embark on a road trip and learn a thing or two about life, friendship, sex, and each other.",Mexico,5000000,33616692,28616692,7.4
112,You People,2023,117,English,"Romance, Comedy","A new couple and their families reckon with modern love amid culture clashes, societal expectations and generational differences.",United States of America,NULL,NULL,NULL,5.7